,Iteration_0,Iteration_1,Iteration_2,Iteration_3,Iteration_4,Iteration_5,Iteration_6,Iteration_7,Iteration_8,Iteration_9,Iteration_10,Iteration_11,Iteration_12,Iteration_13,Iteration_14,Iteration_15,Iteration_16,Iteration_17,Iteration_18,Iteration_19
0,0.72,0.71,0.77,0.7,0.7,0.69,0.72,0.7,0.72,0.72,0.73,0.73,0.71,0.73,0.69,0.7,0.68,0.7,0.71,0.72
1,0.74,0.73,0.78,0.73,0.75,0.71,0.73,0.73,0.72,0.74,0.74,0.73,0.74,0.74,0.73,0.76,0.73,0.77,0.75,0.72
2,0.75,0.73,0.79,0.73,0.75,0.73,0.76,0.76,0.74,0.74,0.75,0.75,0.77,0.76,0.76,0.76,0.73,0.77,0.75,0.72
3,0.77,0.73,0.79,0.76,0.75,0.75,0.76,0.76,0.74,0.78,0.75,0.75,0.78,0.76,0.76,0.76,0.74,0.77,0.75,0.73
4,0.77,0.77,0.79,0.76,0.77,0.76,0.76,0.76,0.77,0.78,0.79,0.78,0.78,0.78,0.76,0.76,0.76,0.77,0.75,0.73
5,0.77,0.77,0.79,0.76,0.77,0.76,0.76,0.76,0.77,0.78,0.79,0.78,0.78,0.78,0.76,0.77,0.78,0.77,0.75,0.75
6,0.77,0.77,0.79,0.76,0.79,0.76,0.76,0.76,0.77,0.78,0.82,0.78,0.78,0.78,0.76,0.77,0.78,0.78,0.75,0.78
7,0.77,0.77,0.8,0.77,0.8,0.76,0.76,0.77,0.77,0.78,0.82,0.78,0.78,0.78,0.76,0.77,0.78,0.78,0.75,0.78
8,0.77,0.77,0.8,0.77,0.8,0.81,0.76,0.77,0.77,0.78,0.82,0.78,0.78,0.78,0.76,0.77,0.78,0.78,0.77,0.78
9,0.8,0.77,0.82,0.77,0.8,0.81,0.76,0.77,0.77,0.78,0.82,0.8,0.78,0.78,0.76,0.77,0.78,0.78,0.79,0.78
10,0.82,0.77,0.82,0.79,0.8,0.81,0.8,0.77,0.77,0.78,0.83,0.81,0.78,0.78,0.76,0.77,0.78,0.78,0.79,0.78
11,0.82,0.77,0.82,0.79,0.8,0.81,0.8,0.79,0.77,0.8,0.83,0.81,0.78,0.78,0.77,0.79,0.78,0.78,0.79,0.78
12,0.82,0.77,0.82,0.8,0.8,0.81,0.8,0.79,0.77,0.8,0.83,0.81,0.78,0.78,0.79,0.79,0.78,0.8,0.82,0.78
13,0.82,0.77,0.82,0.81,0.8,0.81,0.8,0.79,0.77,0.8,0.83,0.81,0.78,0.78,0.81,0.79,0.78,0.81,0.82,0.78
14,0.82,0.77,0.82,0.81,0.8,0.81,0.8,0.79,0.77,0.8,0.83,0.81,0.78,0.78,0.81,0.79,0.78,0.81,0.82,0.78
15,0.82,0.77,0.82,0.81,0.8,0.81,0.8,0.79,0.77,0.8,0.83,0.81,0.78,0.78,0.81,0.82,0.78,0.81,0.82,0.78
16,0.82,0.77,0.82,0.81,0.8,0.81,0.8,0.8,0.77,0.8,0.83,0.81,0.8,0.78,0.81,0.82,0.78,0.81,0.82,0.78
17,0.82,0.77,0.82,0.81,0.8,0.81,0.8,0.8,0.77,0.8,0.83,0.81,0.8,0.78,0.81,0.82,0.78,0.81,0.82,0.78
18,0.82,0.77,0.82,0.81,0.8,0.81,0.8,0.8,0.77,0.8,0.83,0.81,0.8,0.78,0.81,0.82,0.78,0.81,0.82,0.78
19,0.82,0.77,0.82,0.81,0.8,0.81,0.8,0.8,0.77,0.8,0.83,0.81,0.8,0.78,0.83,0.82,0.81,0.81,0.82,0.78
20,0.82,0.77,0.82,0.81,0.8,0.81,0.8,0.8,0.77,0.8,0.83,0.81,0.8,0.78,0.83,0.82,0.81,0.81,0.82,0.78
21,0.82,0.77,0.82,0.81,0.8,0.81,0.8,0.8,0.77,0.8,0.83,0.81,0.8,0.78,0.83,0.82,0.81,0.81,0.82,0.78
22,0.83,0.77,0.82,0.81,0.8,0.81,0.8,0.8,0.77,0.8,0.83,0.81,0.81,0.78,0.83,0.82,0.81,0.81,0.82,0.78
23,0.83,0.77,0.82,0.81,0.8,0.81,0.8,0.8,0.77,0.8,0.83,0.81,0.85,0.81,0.83,0.82,0.81,0.81,0.82,0.78
24,0.83,0.77,0.82,0.81,0.8,0.82,0.81,0.8,0.77,0.8,0.83,0.81,0.85,0.81,0.83,0.82,0.81,0.81,0.82,0.78
25,0.83,0.77,0.82,0.81,0.8,0.82,0.81,0.8,0.77,0.8,0.83,0.81,0.85,0.81,0.83,0.82,0.81,0.81,0.82,0.78
26,0.83,0.77,0.82,0.81,0.8,0.82,0.81,0.8,0.77,0.8,0.83,0.81,0.85,0.81,0.83,0.82,0.81,0.81,0.82,0.78
27,0.84,0.77,0.82,0.81,0.8,0.82,0.81,0.8,0.77,0.8,0.83,0.81,0.85,0.81,0.83,0.82,0.81,0.81,0.82,0.78
28,0.84,0.77,0.82,0.81,0.8,0.82,0.81,0.8,0.77,0.8,0.83,0.81,0.85,0.81,0.83,0.82,0.81,0.81,0.82,0.78
29,0.84,0.77,0.82,0.81,0.8,0.82,0.81,0.8,0.77,0.8,0.83,0.81,0.85,0.81,0.83,0.82,0.81,0.81,0.82,0.78
30,0.84,0.77,0.82,0.81,0.8,0.82,0.81,0.8,0.77,0.8,0.83,0.81,0.85,0.81,0.83,0.82,0.81,0.81,0.82,0.78
31,0.84,0.77,0.82,0.81,0.8,0.82,0.81,0.8,0.77,0.8,0.83,0.81,0.85,0.81,0.83,0.82,0.81,0.81,0.82,0.78
32,0.84,0.77,0.82,0.81,0.8,0.82,0.81,0.8,0.77,0.8,0.83,0.81,0.85,0.81,0.83,0.82,0.81,0.81,0.82,0.78
33,0.84,0.77,0.82,0.81,0.8,0.82,0.81,0.8,0.77,0.8,0.83,0.81,0.85,0.81,0.83,0.82,0.81,0.81,0.82,0.78
34,0.84,0.77,0.82,0.81,0.8,0.82,0.81,0.8,0.77,0.8,0.83,0.81,0.85,0.81,0.83,0.82,0.81,0.81,0.82,0.78
35,0.84,0.77,0.82,0.81,0.8,0.82,0.81,0.8,0.77,0.8,0.83,0.81,0.85,0.81,0.83,0.82,0.81,0.82,0.82,0.78
36,0.84,0.77,0.82,0.81,0.8,0.82,0.81,0.81,0.77,0.8,0.83,0.81,0.85,0.81,0.83,0.82,0.81,0.83,0.82,0.78
37,0.84,0.77,0.84,0.81,0.8,0.82,0.81,0.81,0.77,0.8,0.83,0.81,0.85,0.81,0.83,0.82,0.81,0.83,0.82,0.78
38,0.84,0.78,0.84,0.81,0.8,0.82,0.81,0.81,0.77,0.8,0.83,0.81,0.85,0.81,0.83,0.82,0.81,0.83,0.82,0.78
39,0.84,0.78,0.84,0.81,0.82,0.82,0.81,0.81,0.77,0.8,0.83,0.81,0.85,0.81,0.83,0.82,0.81,0.83,0.82,0.78
40,0.84,0.8,0.84,0.81,0.82,0.82,0.81,0.81,0.77,0.8,0.83,0.81,0.85,0.81,0.83,0.82,0.81,0.83,0.82,0.78
41,0.84,0.8,0.84,0.81,0.82,0.82,0.81,0.81,0.77,0.8,0.83,0.81,0.85,0.81,0.83,0.82,0.81,0.83,0.82,0.79
42,0.84,0.82,0.84,0.81,0.82,0.82,0.81,0.81,0.78,0.8,0.83,0.81,0.85,0.81,0.83,0.82,0.81,0.83,0.82,0.79
43,0.84,0.82,0.84,0.81,0.82,0.82,0.81,0.81,0.8,0.8,0.83,0.81,0.85,0.81,0.83,0.82,0.81,0.83,0.82,0.79
44,0.84,0.82,0.84,0.81,0.82,0.82,0.81,0.81,0.8,0.8,0.83,0.81,0.85,0.81,0.83,0.82,0.81,0.83,0.82,0.79
45,0.84,0.82,0.84,0.81,0.82,0.82,0.81,0.82,0.8,0.8,0.83,0.81,0.85,0.81,0.83,0.82,0.81,0.83,0.82,0.79
46,0.84,0.82,0.84,0.81,0.82,0.82,0.81,0.82,0.8,0.8,0.83,0.81,0.85,0.81,0.83,0.82,0.81,0.83,0.82,0.79
47,0.84,0.82,0.84,0.81,0.82,0.82,0.81,0.82,0.8,0.8,0.83,0.81,0.85,0.82,0.83,0.82,0.81,0.83,0.82,0.79
48,0.84,0.82,0.84,0.81,0.82,0.82,0.81,0.82,0.8,0.8,0.83,0.81,0.85,0.82,0.83,0.82,0.81,0.83,0.82,0.79
49,0.84,0.82,0.84,0.81,0.82,0.82,0.81,0.82,0.8,0.81,0.83,0.81,0.85,0.82,0.83,0.82,0.81,0.83,0.82,0.8
50,0.84,0.82,0.84,0.81,0.82,0.82,0.81,0.82,0.8,0.81,0.83,0.81,0.85,0.82,0.83,0.82,0.81,0.83,0.82,0.8
51,0.84,0.82,0.84,0.81,0.82,0.82,0.81,0.82,0.8,0.81,0.83,0.81,0.85,0.82,0.83,0.82,0.81,0.83,0.82,0.8
52,0.84,0.82,0.84,0.81,0.82,0.82,0.81,0.82,0.8,0.81,0.83,0.81,0.85,0.82,0.83,0.82,0.81,0.83,0.82,0.8
53,0.84,0.82,0.84,0.81,0.82,0.82,0.81,0.82,0.8,0.81,0.83,0.81,0.85,0.82,0.83,0.82,0.81,0.83,0.82,0.8
54,0.84,0.82,0.84,0.81,0.82,0.82,0.81,0.82,0.8,0.81,0.83,0.81,0.85,0.82,0.83,0.82,0.81,0.83,0.82,0.8
55,0.84,0.82,0.84,0.81,0.82,0.82,0.81,0.82,0.8,0.81,0.83,0.82,0.85,0.82,0.83,0.82,0.81,0.83,0.82,0.8
56,0.84,0.82,0.84,0.81,0.82,0.82,0.81,0.82,0.8,0.81,0.83,0.82,0.85,0.82,0.83,0.82,0.81,0.83,0.82,0.8
57,0.84,0.82,0.84,0.81,0.82,0.82,0.81,0.82,0.8,0.81,0.83,0.82,0.85,0.82,0.83,0.82,0.81,0.83,0.82,0.8
58,0.84,0.82,0.84,0.81,0.82,0.82,0.81,0.82,0.8,0.81,0.83,0.82,0.85,0.82,0.83,0.82,0.81,0.83,0.82,0.8
59,0.84,0.82,0.84,0.81,0.82,0.82,0.81,0.82,0.8,0.81,0.83,0.82,0.85,0.82,0.83,0.82,0.81,0.83,0.82,0.8
60,0.84,0.82,0.84,0.81,0.82,0.82,0.81,0.82,0.8,0.82,0.83,0.82,0.85,0.82,0.83,0.82,0.81,0.83,0.82,0.8
61,0.84,0.82,0.84,0.81,0.82,0.82,0.81,0.82,0.8,0.82,0.83,0.82,0.85,0.82,0.83,0.82,0.81,0.83,0.82,0.8
62,0.84,0.82,0.84,0.81,0.82,0.82,0.81,0.82,0.8,0.82,0.83,0.82,0.85,0.82,0.83,0.82,0.81,0.83,0.82,0.8
63,0.84,0.82,0.84,0.81,0.82,0.82,0.81,0.82,0.8,0.82,0.83,0.82,0.85,0.82,0.83,0.82,0.81,0.83,0.82,0.8
64,0.84,0.82,0.84,0.81,0.82,0.82,0.81,0.82,0.8,0.82,0.83,0.82,0.85,0.82,0.83,0.82,0.81,0.83,0.82,0.8
65,0.84,0.82,0.84,0.81,0.82,0.82,0.81,0.82,0.8,0.82,0.83,0.82,0.85,0.82,0.83,0.82,0.81,0.83,0.82,0.8
66,0.84,0.82,0.86,0.81,0.82,0.82,0.81,0.82,0.8,0.82,0.83,0.82,0.85,0.82,0.83,0.82,0.81,0.83,0.82,0.8
67,0.84,0.82,0.86,0.81,0.82,0.82,0.81,0.82,0.8,0.82,0.83,0.82,0.85,0.82,0.83,0.82,0.81,0.83,0.82,0.8
68,0.84,0.82,0.86,0.81,0.82,0.82,0.81,0.82,0.8,0.82,0.83,0.82,0.85,0.82,0.83,0.82,0.81,0.83,0.82,0.8
69,0.84,0.82,0.86,0.81,0.82,0.82,0.81,0.82,0.8,0.82,0.83,0.82,0.85,0.82,0.83,0.82,0.81,0.83,0.82,0.8
70,0.84,0.82,0.86,0.81,0.82,0.82,0.81,0.82,0.8,0.82,0.83,0.82,0.85,0.82,0.83,0.82,0.81,0.83,0.82,0.8
71,0.84,0.82,0.86,0.81,0.82,0.82,0.81,0.82,0.81,0.82,0.83,0.82,0.85,0.82,0.83,0.82,0.81,0.83,0.82,0.8
72,0.84,0.82,0.86,0.81,0.82,0.82,0.81,0.82,0.81,0.82,0.83,0.82,0.85,0.82,0.83,0.82,0.81,0.83,0.82,0.8
73,0.84,0.82,0.86,0.81,0.82,0.82,0.83,0.82,0.82,0.82,0.83,0.82,0.85,0.82,0.83,0.82,0.81,0.83,0.82,0.8
74,0.84,0.82,0.86,0.81,0.82,0.82,0.83,0.82,0.82,0.82,0.83,0.82,0.85,0.82,0.83,0.82,0.81,0.83,0.82,0.8
75,0.84,0.82,0.86,0.81,0.82,0.82,0.83,0.82,0.82,0.82,0.83,0.82,0.85,0.82,0.83,0.82,0.81,0.83,0.82,0.8
76,0.84,0.82,0.86,0.81,0.82,0.82,0.83,0.82,0.82,0.82,0.83,0.82,0.85,0.82,0.83,0.82,0.81,0.83,0.82,0.8
77,0.84,0.82,0.86,0.81,0.82,0.82,0.83,0.82,0.82,0.82,0.83,0.82,0.85,0.82,0.83,0.82,0.81,0.83,0.82,0.8
78,0.84,0.82,0.86,0.81,0.82,0.82,0.83,0.82,0.82,0.82,0.83,0.82,0.85,0.82,0.83,0.82,0.81,0.83,0.82,0.8
79,0.84,0.82,0.86,0.81,0.82,0.82,0.83,0.82,0.82,0.82,0.83,0.82,0.85,0.82,0.83,0.82,0.81,0.83,0.82,0.8
80,0.84,0.82,0.86,0.81,0.82,0.82,0.83,0.82,0.82,0.82,0.83,0.82,0.85,0.82,0.83,0.82,0.81,0.83,0.82,0.8
81,0.84,0.85,0.86,0.81,0.82,0.82,0.83,0.82,0.82,0.82,0.83,0.82,0.85,0.82,0.83,0.82,0.81,0.83,0.82,0.8
82,0.84,0.85,0.86,0.81,0.82,0.82,0.83,0.82,0.82,0.82,0.83,0.82,0.85,0.82,0.83,0.82,0.81,0.83,0.82,0.8
83,0.84,0.85,0.86,0.81,0.82,0.82,0.83,0.82,0.82,0.82,0.83,0.82,0.85,0.82,0.83,0.82,0.81,0.83,0.82,0.8
84,0.84,0.85,0.86,0.81,0.82,0.82,0.83,0.82,0.82,0.82,0.83,0.82,0.85,0.82,0.83,0.82,0.81,0.83,0.82,0.8
85,0.84,0.85,0.86,0.81,0.82,0.82,0.83,0.82,0.82,0.82,0.83,0.82,0.85,0.82,0.83,0.82,0.81,0.83,0.82,0.8
86,0.84,0.85,0.86,0.82,0.82,0.82,0.83,0.82,0.82,0.82,0.83,0.82,0.85,0.82,0.83,0.82,0.81,0.83,0.82,0.8
87,0.84,0.85,0.86,0.82,0.82,0.82,0.83,0.82,0.82,0.82,0.83,0.82,0.85,0.82,0.83,0.82,0.81,0.83,0.82,0.8
88,0.84,0.85,0.86,0.82,0.84,0.82,0.83,0.82,0.82,0.82,0.83,0.82,0.85,0.82,0.83,0.82,0.81,0.83,0.82,0.8
89,0.84,0.85,0.86,0.82,0.84,0.82,0.83,0.82,0.82,0.82,0.83,0.82,0.85,0.82,0.83,0.82,0.81,0.85,0.82,0.8
90,0.84,0.85,0.86,0.82,0.84,0.82,0.83,0.82,0.82,0.82,0.83,0.82,0.85,0.82,0.83,0.82,0.81,0.85,0.82,0.8
91,0.84,0.85,0.86,0.82,0.84,0.82,0.83,0.82,0.82,0.82,0.83,0.82,0.85,0.82,0.83,0.82,0.81,0.85,0.82,0.8
92,0.84,0.85,0.86,0.82,0.84,0.82,0.83,0.82,0.82,0.82,0.83,0.82,0.85,0.82,0.83,0.82,0.81,0.85,0.82,0.8
93,0.84,0.85,0.86,0.82,0.84,0.82,0.83,0.82,0.82,0.82,0.83,0.82,0.85,0.82,0.83,0.82,0.81,0.85,0.82,0.8
94,0.84,0.85,0.86,0.82,0.84,0.82,0.83,0.82,0.82,0.82,0.83,0.82,0.85,0.82,0.83,0.82,0.81,0.85,0.82,0.8
95,0.84,0.85,0.86,0.82,0.84,0.82,0.83,0.82,0.82,0.82,0.83,0.82,0.85,0.82,0.83,0.82,0.81,0.85,0.82,0.8
96,0.84,0.85,0.86,0.82,0.84,0.82,0.83,0.82,0.82,0.82,0.83,0.82,0.85,0.82,0.83,0.82,0.81,0.85,0.82,0.8
97,0.84,0.85,0.86,0.82,0.84,0.82,0.83,0.82,0.82,0.82,0.83,0.82,0.85,0.82,0.83,0.82,0.81,0.85,0.82,0.8
98,0.84,0.85,0.86,0.82,0.84,0.82,0.83,0.82,0.82,0.82,0.83,0.82,0.85,0.82,0.85,0.82,0.81,0.85,0.82,0.8
99,0.84,0.85,0.86,0.82,0.84,0.82,0.83,0.82,0.82,0.82,0.83,0.82,0.85,0.82,0.85,0.82,0.81,0.85,0.82,0.8
100,0.84,0.85,0.86,0.82,0.84,0.82,0.83,0.82,0.82,0.82,0.83,0.82,0.85,0.82,0.85,0.82,0.81,0.85,0.82,0.8
101,0.84,0.85,0.86,0.82,0.84,0.82,0.83,0.82,0.82,0.82,0.83,0.82,0.85,0.82,0.85,0.82,0.81,0.85,0.82,0.8
102,0.84,0.85,0.86,0.82,0.84,0.82,0.83,0.82,0.82,0.82,0.83,0.82,0.85,0.83,0.85,0.82,0.81,0.85,0.82,0.8
103,0.84,0.85,0.86,0.82,0.84,0.82,0.83,0.82,0.82,0.82,0.83,0.82,0.85,0.83,0.85,0.82,0.81,0.85,0.82,0.8
104,0.84,0.85,0.86,0.82,0.84,0.82,0.83,0.82,0.82,0.82,0.83,0.82,0.85,0.83,0.85,0.82,0.81,0.85,0.82,0.8
105,0.84,0.85,0.86,0.82,0.84,0.82,0.83,0.82,0.82,0.82,0.83,0.82,0.85,0.83,0.85,0.82,0.81,0.85,0.82,0.8
106,0.84,0.85,0.86,0.82,0.84,0.82,0.83,0.82,0.82,0.82,0.83,0.82,0.85,0.83,0.85,0.82,0.81,0.85,0.82,0.8
107,0.84,0.85,0.86,0.82,0.84,0.82,0.83,0.82,0.82,0.82,0.83,0.82,0.85,0.83,0.85,0.82,0.81,0.85,0.82,0.8
108,0.84,0.85,0.86,0.82,0.84,0.82,0.83,0.82,0.82,0.82,0.83,0.82,0.85,0.83,0.85,0.82,0.81,0.85,0.82,0.8
109,0.84,0.85,0.86,0.82,0.84,0.82,0.83,0.82,0.82,0.82,0.83,0.82,0.85,0.83,0.85,0.82,0.81,0.85,0.82,0.8
110,0.84,0.85,0.86,0.82,0.84,0.82,0.83,0.82,0.82,0.82,0.83,0.82,0.85,0.83,0.85,0.82,0.81,0.85,0.82,0.8
111,0.84,0.85,0.86,0.82,0.84,0.82,0.83,0.82,0.82,0.82,0.83,0.82,0.85,0.83,0.85,0.82,0.81,0.85,0.82,0.8
112,0.84,0.85,0.86,0.82,0.84,0.82,0.83,0.82,0.82,0.82,0.83,0.82,0.85,0.83,0.85,0.82,0.81,0.85,0.82,0.8
113,0.84,0.85,0.86,0.82,0.84,0.82,0.83,0.82,0.82,0.82,0.83,0.82,0.85,0.83,0.85,0.82,0.81,0.85,0.82,0.8
114,0.84,0.85,0.86,0.82,0.84,0.82,0.83,0.82,0.82,0.82,0.83,0.82,0.85,0.83,0.85,0.82,0.81,0.85,0.82,0.8
115,0.84,0.85,0.86,0.82,0.84,0.82,0.83,0.82,0.82,0.82,0.83,0.82,0.85,0.83,0.85,0.82,0.81,0.85,0.82,0.8
116,0.84,0.85,0.86,0.82,0.84,0.82,0.83,0.82,0.82,0.82,0.83,0.82,0.85,0.83,0.85,0.82,0.81,0.85,0.82,0.8
117,0.84,0.85,0.86,0.82,0.84,0.82,0.83,0.82,0.82,0.82,0.83,0.82,0.85,0.83,0.85,0.82,0.81,0.85,0.82,0.8
118,0.84,0.85,0.86,0.82,0.84,0.82,0.83,0.82,0.82,0.82,0.83,0.82,0.85,0.83,0.85,0.82,0.81,0.85,0.82,0.8
119,0.84,0.85,0.86,0.82,0.84,0.82,0.83,0.82,0.82,0.82,0.83,0.82,0.85,0.83,0.85,0.82,0.81,0.85,0.82,0.8
120,0.84,0.85,0.86,0.82,0.84,0.82,0.83,0.82,0.82,0.82,0.83,0.82,0.85,0.83,0.85,0.82,0.82,0.85,0.82,0.8
121,0.84,0.85,0.86,0.82,0.84,0.82,0.83,0.82,0.82,0.82,0.83,0.82,0.85,0.83,0.85,0.82,0.82,0.85,0.82,0.8
122,0.84,0.85,0.86,0.82,0.84,0.82,0.83,0.82,0.82,0.82,0.83,0.82,0.85,0.83,0.85,0.82,0.82,0.85,0.82,0.8
123,0.84,0.85,0.86,0.82,0.84,0.83,0.83,0.82,0.82,0.82,0.83,0.82,0.85,0.83,0.85,0.82,0.82,0.85,0.82,0.8
124,0.84,0.85,0.86,0.82,0.84,0.83,0.83,0.82,0.82,0.82,0.83,0.82,0.85,0.83,0.85,0.82,0.82,0.85,0.82,0.8
125,0.84,0.85,0.86,0.82,0.84,0.83,0.83,0.82,0.82,0.82,0.83,0.82,0.85,0.83,0.85,0.82,0.82,0.85,0.82,0.8
126,0.84,0.85,0.86,0.82,0.84,0.83,0.83,0.82,0.82,0.82,0.83,0.82,0.85,0.83,0.85,0.82,0.82,0.85,0.82,0.8
127,0.84,0.85,0.86,0.82,0.84,0.83,0.83,0.82,0.82,0.82,0.83,0.82,0.85,0.83,0.85,0.82,0.82,0.85,0.82,0.8
128,0.84,0.85,0.86,0.82,0.84,0.83,0.83,0.82,0.82,0.82,0.83,0.82,0.85,0.83,0.85,0.82,0.82,0.85,0.82,0.8
129,0.84,0.85,0.86,0.82,0.84,0.83,0.83,0.82,0.82,0.82,0.83,0.82,0.85,0.83,0.85,0.82,0.82,0.85,0.82,0.8
130,0.84,0.85,0.86,0.82,0.84,0.83,0.83,0.82,0.82,0.82,0.83,0.82,0.85,0.83,0.85,0.82,0.82,0.85,0.82,0.8
131,0.84,0.85,0.86,0.82,0.84,0.83,0.83,0.82,0.82,0.82,0.83,0.82,0.85,0.83,0.85,0.82,0.82,0.85,0.82,0.8
132,0.84,0.85,0.86,0.82,0.84,0.83,0.83,0.82,0.82,0.82,0.83,0.82,0.85,0.83,0.85,0.82,0.82,0.85,0.82,0.8
133,0.84,0.85,0.86,0.82,0.84,0.83,0.83,0.82,0.82,0.82,0.83,0.82,0.85,0.83,0.85,0.82,0.82,0.85,0.82,0.8
134,0.84,0.85,0.86,0.82,0.84,0.83,0.83,0.82,0.82,0.82,0.83,0.82,0.85,0.83,0.85,0.82,0.82,0.85,0.82,0.8
135,0.84,0.85,0.86,0.82,0.84,0.83,0.83,0.82,0.82,0.82,0.83,0.82,0.85,0.83,0.85,0.82,0.82,0.85,0.82,0.8
136,0.84,0.85,0.86,0.82,0.84,0.83,0.83,0.82,0.82,0.82,0.83,0.82,0.85,0.83,0.85,0.82,0.82,0.85,0.82,0.8
137,0.84,0.85,0.86,0.82,0.84,0.83,0.83,0.82,0.82,0.82,0.83,0.82,0.85,0.83,0.85,0.82,0.82,0.85,0.82,0.8
138,0.84,0.85,0.86,0.82,0.84,0.83,0.83,0.82,0.82,0.82,0.83,0.82,0.85,0.83,0.85,0.82,0.82,0.85,0.82,0.8
139,0.84,0.85,0.86,0.82,0.84,0.83,0.83,0.82,0.82,0.82,0.83,0.82,0.85,0.83,0.85,0.82,0.82,0.85,0.82,0.8
140,0.84,0.85,0.86,0.82,0.84,0.83,0.83,0.82,0.82,0.82,0.83,0.82,0.85,0.83,0.85,0.82,0.82,0.85,0.82,0.8
141,0.84,0.85,0.86,0.82,0.84,0.83,0.83,0.82,0.82,0.82,0.83,0.82,0.85,0.83,0.85,0.82,0.82,0.85,0.82,0.8
142,0.84,0.85,0.86,0.82,0.84,0.83,0.83,0.82,0.82,0.82,0.83,0.82,0.85,0.83,0.85,0.82,0.82,0.85,0.82,0.8
143,0.84,0.85,0.86,0.84,0.84,0.83,0.83,0.82,0.82,0.82,0.83,0.83,0.85,0.83,0.85,0.82,0.82,0.85,0.82,0.8
144,0.84,0.85,0.86,0.84,0.84,0.83,0.83,0.82,0.82,0.82,0.83,0.83,0.85,0.83,0.85,0.82,0.82,0.85,0.82,0.8
145,0.84,0.85,0.86,0.84,0.84,0.83,0.83,0.82,0.82,0.82,0.83,0.83,0.85,0.83,0.85,0.82,0.82,0.85,0.82,0.8
146,0.84,0.85,0.86,0.84,0.84,0.83,0.83,0.82,0.82,0.82,0.83,0.83,0.85,0.83,0.85,0.82,0.82,0.85,0.82,0.8
147,0.84,0.85,0.86,0.84,0.84,0.83,0.83,0.82,0.82,0.82,0.83,0.83,0.85,0.83,0.85,0.82,0.82,0.85,0.82,0.8
148,0.84,0.85,0.86,0.84,0.84,0.83,0.83,0.82,0.82,0.82,0.83,0.83,0.85,0.83,0.85,0.82,0.82,0.85,0.82,0.8
149,0.84,0.85,0.86,0.84,0.84,0.83,0.83,0.82,0.82,0.82,0.83,0.83,0.85,0.83,0.85,0.82,0.82,0.85,0.82,0.8
150,0.84,0.85,0.86,0.84,0.84,0.83,0.83,0.82,0.82,0.82,0.83,0.83,0.85,0.83,0.85,0.82,0.82,0.85,0.82,0.8
151,0.84,0.85,0.86,0.84,0.84,0.83,0.83,0.82,0.82,0.82,0.83,0.83,0.85,0.83,0.85,0.82,0.82,0.85,0.82,0.8
152,0.84,0.85,0.86,0.84,0.84,0.83,0.83,0.82,0.82,0.82,0.83,0.83,0.85,0.83,0.85,0.82,0.82,0.85,0.82,0.8
153,0.84,0.85,0.86,0.84,0.84,0.83,0.83,0.82,0.82,0.82,0.83,0.83,0.85,0.83,0.85,0.82,0.82,0.85,0.82,0.8
154,0.84,0.85,0.86,0.84,0.84,0.83,0.83,0.82,0.82,0.82,0.83,0.83,0.85,0.83,0.85,0.82,0.82,0.85,0.82,0.8
155,0.84,0.85,0.86,0.84,0.84,0.83,0.83,0.82,0.82,0.82,0.83,0.83,0.85,0.83,0.85,0.82,0.82,0.85,0.82,0.8
156,0.84,0.85,0.86,0.84,0.84,0.83,0.83,0.82,0.82,0.82,0.83,0.83,0.85,0.83,0.85,0.82,0.82,0.85,0.82,0.8
157,0.84,0.85,0.86,0.84,0.84,0.83,0.83,0.82,0.82,0.82,0.83,0.83,0.85,0.83,0.85,0.82,0.82,0.85,0.82,0.8
158,0.84,0.85,0.86,0.84,0.84,0.83,0.83,0.82,0.82,0.82,0.83,0.83,0.85,0.83,0.85,0.82,0.82,0.85,0.82,0.8
159,0.84,0.85,0.86,0.84,0.84,0.83,0.83,0.82,0.82,0.82,0.83,0.83,0.85,0.83,0.85,0.82,0.82,0.85,0.82,0.8
160,0.84,0.85,0.86,0.84,0.84,0.83,0.83,0.82,0.82,0.82,0.83,0.83,0.85,0.83,0.85,0.82,0.82,0.85,0.82,0.8
161,0.84,0.85,0.86,0.84,0.84,0.83,0.83,0.82,0.82,0.82,0.83,0.83,0.85,0.83,0.85,0.82,0.82,0.85,0.82,0.8
162,0.84,0.85,0.86,0.84,0.84,0.83,0.83,0.82,0.82,0.82,0.83,0.83,0.85,0.83,0.85,0.82,0.82,0.85,0.82,0.8
163,0.84,0.85,0.86,0.84,0.84,0.83,0.83,0.82,0.82,0.84,0.83,0.83,0.85,0.83,0.85,0.82,0.82,0.85,0.82,0.8
164,0.84,0.85,0.86,0.84,0.84,0.83,0.83,0.82,0.82,0.84,0.83,0.83,0.85,0.83,0.85,0.82,0.82,0.85,0.82,0.8
165,0.84,0.85,0.86,0.84,0.84,0.83,0.83,0.82,0.82,0.84,0.83,0.83,0.85,0.83,0.85,0.82,0.82,0.85,0.82,0.8
166,0.84,0.85,0.86,0.84,0.84,0.83,0.83,0.82,0.82,0.84,0.83,0.83,0.85,0.83,0.85,0.82,0.82,0.85,0.82,0.8
167,0.84,0.85,0.86,0.84,0.84,0.83,0.83,0.82,0.82,0.84,0.83,0.83,0.85,0.83,0.85,0.82,0.82,0.85,0.82,0.8
168,0.84,0.85,0.86,0.84,0.84,0.83,0.83,0.82,0.82,0.84,0.83,0.83,0.85,0.83,0.85,0.82,0.82,0.85,0.82,0.83
169,0.84,0.85,0.86,0.84,0.84,0.83,0.83,0.82,0.82,0.84,0.83,0.83,0.85,0.83,0.85,0.82,0.82,0.85,0.82,0.83
170,0.84,0.85,0.86,0.84,0.84,0.83,0.83,0.82,0.82,0.84,0.83,0.83,0.85,0.83,0.85,0.82,0.82,0.85,0.82,0.83
171,0.84,0.85,0.86,0.84,0.84,0.83,0.83,0.82,0.82,0.84,0.83,0.83,0.85,0.83,0.85,0.82,0.82,0.85,0.82,0.83
172,0.84,0.85,0.86,0.84,0.84,0.83,0.83,0.82,0.82,0.84,0.83,0.83,0.85,0.83,0.85,0.82,0.82,0.85,0.82,0.83
173,0.84,0.85,0.86,0.84,0.84,0.83,0.83,0.82,0.82,0.84,0.83,0.83,0.85,0.83,0.85,0.82,0.82,0.85,0.82,0.83
174,0.84,0.85,0.86,0.84,0.84,0.83,0.83,0.82,0.82,0.84,0.83,0.83,0.85,0.83,0.85,0.82,0.82,0.85,0.82,0.83
175,0.84,0.85,0.86,0.84,0.84,0.83,0.83,0.82,0.82,0.84,0.83,0.83,0.85,0.83,0.85,0.82,0.82,0.85,0.82,0.83
176,0.84,0.85,0.86,0.84,0.84,0.83,0.83,0.82,0.82,0.84,0.83,0.83,0.85,0.83,0.85,0.82,0.82,0.85,0.82,0.83
177,0.84,0.85,0.86,0.84,0.84,0.83,0.83,0.82,0.82,0.84,0.83,0.83,0.85,0.83,0.85,0.82,0.82,0.85,0.82,0.83
178,0.84,0.85,0.86,0.84,0.84,0.83,0.83,0.82,0.82,0.84,0.83,0.83,0.85,0.83,0.85,0.82,0.82,0.85,0.82,0.83
179,0.84,0.85,0.86,0.84,0.84,0.83,0.83,0.82,0.82,0.84,0.83,0.83,0.85,0.83,0.85,0.82,0.82,0.85,0.82,0.83
180,0.84,0.85,0.86,0.84,0.84,0.83,0.83,0.82,0.85,0.84,0.83,0.83,0.85,0.83,0.85,0.82,0.82,0.85,0.82,0.83
181,0.84,0.85,0.86,0.84,0.84,0.83,0.83,0.82,0.85,0.84,0.83,0.83,0.85,0.83,0.85,0.82,0.82,0.85,0.82,0.83
182,0.84,0.85,0.86,0.84,0.84,0.83,0.83,0.82,0.85,0.84,0.83,0.83,0.85,0.83,0.85,0.82,0.82,0.85,0.82,0.83
183,0.84,0.85,0.86,0.84,0.84,0.83,0.83,0.82,0.85,0.84,0.83,0.83,0.85,0.83,0.85,0.82,0.82,0.85,0.82,0.83
184,0.84,0.85,0.86,0.84,0.84,0.83,0.83,0.82,0.85,0.84,0.83,0.83,0.85,0.83,0.85,0.82,0.82,0.85,0.82,0.83
185,0.84,0.85,0.86,0.84,0.84,0.83,0.83,0.82,0.85,0.84,0.83,0.83,0.85,0.83,0.85,0.82,0.82,0.85,0.82,0.83
186,0.84,0.85,0.86,0.84,0.84,0.83,0.83,0.82,0.85,0.84,0.83,0.83,0.85,0.83,0.85,0.82,0.82,0.85,0.82,0.83
187,0.84,0.85,0.86,0.84,0.84,0.83,0.83,0.82,0.85,0.84,0.83,0.83,0.85,0.83,0.85,0.82,0.82,0.85,0.82,0.83
188,0.84,0.85,0.86,0.84,0.84,0.83,0.83,0.82,0.85,0.84,0.83,0.83,0.85,0.83,0.85,0.82,0.82,0.85,0.82,0.83
189,0.84,0.85,0.86,0.84,0.84,0.83,0.83,0.82,0.85,0.84,0.83,0.83,0.85,0.83,0.85,0.82,0.82,0.85,0.82,0.83
190,0.84,0.85,0.86,0.84,0.84,0.83,0.83,0.82,0.85,0.84,0.83,0.83,0.85,0.83,0.85,0.82,0.82,0.85,0.82,0.83
191,0.84,0.85,0.86,0.84,0.84,0.83,0.83,0.82,0.85,0.84,0.83,0.83,0.85,0.83,0.85,0.82,0.82,0.85,0.82,0.83
192,0.84,0.85,0.86,0.84,0.84,0.83,0.83,0.82,0.85,0.84,0.83,0.83,0.85,0.83,0.85,0.82,0.82,0.85,0.82,0.83
193,0.84,0.85,0.86,0.84,0.84,0.83,0.83,0.82,0.85,0.84,0.83,0.83,0.85,0.83,0.85,0.82,0.82,0.85,0.82,0.83
194,0.84,0.85,0.86,0.84,0.84,0.83,0.83,0.82,0.85,0.84,0.83,0.83,0.85,0.83,0.85,0.82,0.82,0.85,0.82,0.83
195,0.84,0.85,0.86,0.84,0.84,0.83,0.83,0.82,0.85,0.84,0.83,0.83,0.85,0.83,0.85,0.82,0.82,0.85,0.82,0.83
196,0.84,0.85,0.86,0.84,0.84,0.83,0.83,0.82,0.85,0.84,0.83,0.83,0.85,0.83,0.85,0.82,0.82,0.85,0.82,0.83
197,0.84,0.85,0.86,0.84,0.84,0.83,0.83,0.82,0.85,0.84,0.83,0.83,0.85,0.83,0.85,0.82,0.82,0.85,0.82,0.83
198,0.84,0.85,0.86,0.84,0.84,0.83,0.83,0.82,0.85,0.84,0.83,0.83,0.85,0.83,0.85,0.82,0.82,0.85,0.82,0.83
199,0.84,0.85,0.86,0.84,0.84,0.83,0.83,0.82,0.85,0.84,0.83,0.83,0.85,0.83,0.85,0.82,0.82,0.85,0.82,0.83
